SET SCHEMA VEHMST;
-- Copying entire tables that are relatively small
INSERT INTO TELE_ORG (ORG_ID, ORG_NAME, CREATE_USER, CREATE_DATE, UPDATE_USER, UPDATE_DATE)
VALUES (1, 'SOA', 'DSH1/dsh1/SYSTEM/oracle', TIMESTAMP'2017-10-24 01:27:23', NULL, TIMESTAMP'2017-10-24 01:27:23'),
       (2, 'SCI', 'DSH1/dsh1/SYSTEM/oracle', TIMESTAMP'2017-10-24 01:27:23', 'B2BINT/dsh1',
        TIMESTAMP'2018-01-22 17:29:06'),
       (4, 'TMNA', 'B2BINT/dsh1', TIMESTAMP'2019-05-06 17:03:48', NULL, TIMESTAMP'2019-05-06 17:03:48'),
       (5, 'GUM', 'B2BINT/jzhu', TIMESTAMP'2020-04-13 14:27:26', 'B2BINT/jzhu', TIMESTAMP'2020-04-13 15:16:22'),
       (6, 'HAW', 'B2BINT/jzhu', TIMESTAMP'2020-04-13 14:27:45', 'B2BINT/jzhu', TIMESTAMP'2020-04-13 15:16:40'),
       (7, 'PRI', 'B2BINT/jzhu', TIMESTAMP'2020-04-13 14:27:53', 'B2BINT/jzhu', TIMESTAMP'2020-04-13 15:16:53'),
       (3, 'SBR', 'B2BINT/jzhu', TIMESTAMP'2018-02-12 17:28:03', NULL, TIMESTAMP'2018-02-12 17:28:03');

INSERT INTO TELE_MARKET (MARKET_ID, ORG_ID, COUNTRY_CODE, CREATE_USER, CREATE_DATE, UPDATE_USER, UPDATE_DATE)
VALUES (1, 1, 'USA', 'DSH1/dsh1/SYSTEM/oracle', TIMESTAMP'2017-10-24 01:27:23', NULL, TIMESTAMP'2017-10-24 01:27:23'),
       (2, 2, 'CAN', 'DSH1/dsh1/SYSTEM/oracle', TIMESTAMP'2017-10-24 01:27:23', NULL, TIMESTAMP'2017-10-24 01:27:23'),
       (6, 5, 'GUM', 'B2BINT/jzhu', TIMESTAMP'2020-04-13 15:17:57', NULL, TIMESTAMP'2020-04-13 15:17:57'),
       (4, 4, 'USA', 'B2BINT/dsh1', TIMESTAMP'2019-05-06 17:04:26', NULL, TIMESTAMP'2019-05-06 17:04:26'),
       (7, 6, 'HAW', 'B2BINT/jzhu', TIMESTAMP'2020-04-13 15:18:13', NULL, TIMESTAMP'2020-04-13 15:18:13'),
       (8, 7, 'PRI', 'B2BINT/jzhu', TIMESTAMP'2020-04-13 15:18:26', NULL, TIMESTAMP'2020-04-13 15:18:26'),
       (5, 4, 'CAN', 'B2BINT/dsh1', TIMESTAMP'2019-05-15 20:02:28', NULL, TIMESTAMP'2019-05-15 20:02:28'),
       (3, 3, 'JPN', 'B2BINT/jzhu', TIMESTAMP'2018-02-12 17:28:19', NULL, TIMESTAMP'2018-02-12 17:28:19');

INSERT INTO TELE_HEAD_UNIT_GEN_MST (HEAD_UNIT_GEN, HU_PROVIDER_CODE, MARKET_ID, CREATE_USER, CREATE_DATE, UPDATE_USER,
                                    UPDATE_DATE, HEAD_UNIT_GEN_ID)
VALUES ('Subaru_Gen_1', 'CONTI', 1, 'DSH1/dsh1/SYSTEM/oracle', TIMESTAMP'2017-10-24 01:27:22', NULL, NULL, 1),
       ('Subaru_Gen_2', 'CONTI', 1, 'DSH1/dsh1/SYSTEM/oracle', TIMESTAMP'2017-10-24 01:27:22', NULL, NULL, 2),
       ('Subaru_Gen_0', NULL, 1, 'X_FMW/oracle/SYSTEM/oracle', TIMESTAMP'2017-10-24 01:27:22', NULL, NULL, 3),
       ('Subaru_Gen_3.1', NULL, 6, 'JZHU/jzhu', TIMESTAMP'2020-04-13 18:03:09', NULL, TIMESTAMP'2020-04-13 18:03:09',
        57547),
       ('Subaru_Gen_3.1', NULL, 7, 'JZHU/jzhu', TIMESTAMP'2020-04-13 18:03:18', NULL, TIMESTAMP'2020-04-13 18:03:18',
        57549),
       ('Subaru_Gen_3.1', NULL, 8, 'JZHU/jzhu', TIMESTAMP'2020-04-13 18:03:26', NULL, TIMESTAMP'2020-04-13 18:03:26',
        57551),
       ('Subaru_Gen_4', NULL, 2, 'B2BINT/jzhu', TIMESTAMP'2018-01-31 16:15:47', NULL, NULL, 11),
       ('Subaru_Gen_4', NULL, 1, 'B2BINT/jzhu', TIMESTAMP'2018-01-31 16:15:47', NULL, NULL, 12),
       ('Subaru_Gen_CP25', NULL, 1, 'JZHU/jzhu', TIMESTAMP'2023-05-01 14:56:28', NULL, TIMESTAMP'2023-05-01 14:56:28',
        57572),
       ('Subaru_Gen_CP25', NULL, 2, 'JZHU/jzhu', TIMESTAMP'2023-05-01 14:56:28', NULL, TIMESTAMP'2023-05-01 14:56:28',
        57573),
       ('Subaru_Gen_CP25', NULL, 3, 'JZHU/jzhu', TIMESTAMP'2023-05-01 14:56:28', NULL, TIMESTAMP'2023-05-01 14:56:28',
        57574),
       ('Subaru_Gen_CP25', NULL, 4, 'JZHU/jzhu', TIMESTAMP'2023-05-01 14:56:28', NULL, TIMESTAMP'2023-05-01 14:56:28',
        57575),
       ('Subaru_Gen_CP25', NULL, 5, 'JZHU/jzhu', TIMESTAMP'2023-05-01 14:56:28', NULL, TIMESTAMP'2023-05-01 14:56:28',
        57576),
       ('Subaru_Gen_CP25', NULL, 6, 'JZHU/jzhu', TIMESTAMP'2023-05-01 14:56:28', NULL, TIMESTAMP'2023-05-01 14:56:28',
        57577),
       ('Subaru_Gen_CP25', NULL, 7, 'JZHU/jzhu', TIMESTAMP'2023-05-01 14:56:28', NULL, TIMESTAMP'2023-05-01 14:56:28',
        57578),
       ('Subaru_Gen_CP25', NULL, 8, 'JZHU/jzhu', TIMESTAMP'2023-05-01 14:56:28', NULL, TIMESTAMP'2023-05-01 14:56:28',
        57579),
       ('CP25', NULL, 1, 'JZHU/jzhu', TIMESTAMP'2024-05-14 17:32:43', NULL, TIMESTAMP'2024-05-14 17:32:43', 57580),
       ('CP25', NULL, 2, 'JZHU/jzhu', TIMESTAMP'2024-05-14 17:32:43', NULL, TIMESTAMP'2024-05-14 17:32:43', 57581),
       ('CP25', NULL, 3, 'JZHU/jzhu', TIMESTAMP'2024-05-14 17:32:44', NULL, TIMESTAMP'2024-05-14 17:32:44', 57582),
       ('CP25', NULL, 4, 'JZHU/jzhu', TIMESTAMP'2024-05-14 17:32:44', NULL, TIMESTAMP'2024-05-14 17:32:44', 57583),
       ('CP25', NULL, 5, 'JZHU/jzhu', TIMESTAMP'2024-05-14 17:32:44', NULL, TIMESTAMP'2024-05-14 17:32:44', 57584),
       ('CP25', NULL, 6, 'JZHU/jzhu', TIMESTAMP'2024-05-14 17:32:44', NULL, TIMESTAMP'2024-05-14 17:32:44', 57585),
       ('CP25', NULL, 7, 'JZHU/jzhu', TIMESTAMP'2024-05-14 17:32:44', NULL, TIMESTAMP'2024-05-14 17:32:44', 57586),
       ('CP25', NULL, 8, 'JZHU/jzhu', TIMESTAMP'2024-05-14 17:32:44', NULL, TIMESTAMP'2024-05-14 17:32:44', 57587),
       ('Subaru_Gen_5.0', NULL, 2, 'SCAGLE/scagle', TIMESTAMP'2024-08-16 20:22:40', NULL,
        TIMESTAMP'2024-08-16 20:22:40', 57564),
       ('Subaru_Gen_3', NULL, 1, 'B2BINT/dsh1', TIMESTAMP'2018-01-22 17:33:36', NULL, NULL, 4),
       ('Subaru_Gen_3.1', NULL, 1, 'B2BINT/dsh1', TIMESTAMP'2018-01-22 17:33:36', NULL, NULL, 5),
       ('Subaru_Gen_1', NULL, 2, 'B2BINT/dsh1', TIMESTAMP'2018-01-22 17:42:24', 'B2BINT/dsh1',
        TIMESTAMP'2018-01-22 17:42:57', 6),
       ('Subaru_Gen_2', NULL, 2, 'B2BINT/dsh1', TIMESTAMP'2018-01-22 17:42:33', 'B2BINT/dsh1',
        TIMESTAMP'2018-01-22 17:42:57', 7),
       ('Subaru_Gen_0', NULL, 2, 'B2BINT/dsh1', TIMESTAMP'2018-01-22 17:42:41', 'B2BINT/dsh1',
        TIMESTAMP'2018-01-22 17:42:57', 8),
       ('Subaru_Gen_3', NULL, 2, 'B2BINT/dsh1', TIMESTAMP'2018-01-22 17:42:49', 'B2BINT/dsh1',
        TIMESTAMP'2018-01-22 17:42:57', 9),
       ('Subaru_Gen_3.1', NULL, 2, 'B2BINT/dsh1', TIMESTAMP'2018-01-22 17:42:57', NULL, NULL, 10),
       ('Subaru_Gen_4.5', NULL, 1, 'JZHU/jzhu', TIMESTAMP'2022-07-06 15:54:09', NULL, TIMESTAMP'2022-07-06 15:54:09',
        57557),
       ('Subaru_Gen_4.5', NULL, 2, 'JZHU/jzhu', TIMESTAMP'2022-07-06 15:54:09', NULL, TIMESTAMP'2022-07-06 15:54:09',
        57559),
       ('Subaru_Gen_4.5', NULL, 3, 'JZHU/jzhu', TIMESTAMP'2022-07-06 15:54:09', NULL, TIMESTAMP'2022-07-06 15:54:09',
        57561),
       ('Subaru_Gen_4.5', NULL, 4, 'JZHU/jzhu', TIMESTAMP'2022-07-06 15:54:09', NULL, TIMESTAMP'2022-07-06 15:54:09',
        57563),
       ('Subaru_Gen_4.5', NULL, 5, 'JZHU/jzhu', TIMESTAMP'2022-07-06 15:54:09', NULL, TIMESTAMP'2022-07-06 15:54:09',
        57565),
       ('Subaru_Gen_4.5', NULL, 6, 'JZHU/jzhu', TIMESTAMP'2022-07-06 15:54:09', NULL, TIMESTAMP'2022-07-06 15:54:09',
        57567),
       ('Subaru_Gen_4.5', NULL, 7, 'JZHU/jzhu', TIMESTAMP'2022-07-06 15:54:09', NULL, TIMESTAMP'2022-07-06 15:54:09',
        57569),
       ('Subaru_Gen_4.5', NULL, 8, 'JZHU/jzhu', TIMESTAMP'2022-07-06 15:54:09', NULL, TIMESTAMP'2022-07-06 15:54:09',
        57571),
       ('Subaru_Gen_0', NULL, 3, 'B2BINT/jzhu', TIMESTAMP'2018-02-12 17:32:25', NULL, NULL, 13),
       ('Subaru_Gen_1', NULL, 3, 'B2BINT/jzhu', TIMESTAMP'2018-02-12 17:32:25', NULL, NULL, 14),
       ('Subaru_Gen_2', NULL, 3, 'B2BINT/jzhu', TIMESTAMP'2018-02-12 17:32:25', NULL, NULL, 15),
       ('Subaru_Gen_3', NULL, 3, 'B2BINT/jzhu', TIMESTAMP'2018-02-12 17:32:26', NULL, NULL, 16),
       ('Subaru_Gen_3.1', NULL, 3, 'B2BINT/jzhu', TIMESTAMP'2018-02-12 17:32:26', NULL, NULL, 17),
       ('Subaru_Gen_4', NULL, 3, 'B2BINT/jzhu', TIMESTAMP'2018-02-12 17:32:26', NULL, NULL, 18),
       ('Subaru_Gen_0', NULL, 4, 'JZHU/jzhu', TIMESTAMP'2019-07-25 15:03:42', NULL, TIMESTAMP'2019-07-25 15:03:42',
        57523),
       ('Subaru_Gen_1', NULL, 4, 'JZHU/jzhu', TIMESTAMP'2019-07-25 15:04:17', NULL, TIMESTAMP'2019-07-25 15:04:17',
        57525),
       ('Subaru_Gen_2', NULL, 4, 'JZHU/jzhu', TIMESTAMP'2019-07-25 15:04:28', NULL, TIMESTAMP'2019-07-25 15:04:28',
        57527),
       ('Subaru_Gen_3', NULL, 4, 'JZHU/jzhu', TIMESTAMP'2019-07-25 15:04:37', NULL, TIMESTAMP'2019-07-25 15:04:37',
        57529),
       ('Subaru_Gen_3.1', NULL, 4, 'JZHU/jzhu', TIMESTAMP'2019-07-25 15:04:45', NULL, TIMESTAMP'2019-07-25 15:04:45',
        57531),
       ('Subaru_Gen_4', NULL, 4, 'JZHU/jzhu', TIMESTAMP'2019-07-25 15:04:56', NULL, TIMESTAMP'2019-07-25 15:04:56',
        57533),
       ('Subaru_Gen_0', NULL, 5, 'JZHU/jzhu', TIMESTAMP'2020-02-13 20:08:27', NULL, TIMESTAMP'2020-02-13 20:08:27',
        57535),
       ('Subaru_Gen_1', NULL, 5, 'JZHU/jzhu', TIMESTAMP'2020-02-13 20:08:44', NULL, TIMESTAMP'2020-02-13 20:08:44',
        57537),
       ('Subaru_Gen_2', NULL, 5, 'JZHU/jzhu', TIMESTAMP'2020-02-13 20:08:50', NULL, TIMESTAMP'2020-02-13 20:08:50',
        57539),
       ('Subaru_Gen_3', NULL, 5, 'JZHU/jzhu', TIMESTAMP'2020-02-13 20:08:55', NULL, TIMESTAMP'2020-02-13 20:08:55',
        57541),
       ('Subaru_Gen_4', NULL, 5, 'JZHU/jzhu', TIMESTAMP'2020-02-13 20:09:09', NULL, TIMESTAMP'2020-02-13 20:09:09',
        57543),
       ('Subaru_Gen_3.1', NULL, 5, 'JZHU/jzhu', TIMESTAMP'2020-02-13 20:09:20', NULL, TIMESTAMP'2020-02-13 20:09:20',
        57545),
       ('Subaru_Gen_T1', 'TMC', 1, 'JZHU/jzhu', TIMESTAMP'2021-02-17 16:56:05', 'JZHU/jzhu',
        TIMESTAMP'2021-04-06 18:04:32', 57553),
       ('Subaru_Gen_T1', 'TMC', 2, 'JZHU/jzhu', TIMESTAMP'2021-02-17 16:56:11', 'JZHU/jzhu',
        TIMESTAMP'2021-04-06 18:04:32', 57555);

INSERT INTO TELE_DCM_GEN_MST (DCM_GEN, TSP_CODE, MARKET_ID, CREATE_USER, CREATE_DATE, UPDATE_USER, UPDATE_DATE,
                              DCM_GEN_ID)
VALUES ('02', 'WCAR', 1, 'DSH1/dsh1/SYSTEM/JGIB/SYSTEM/oracle', TIMESTAMP'2017-10-24 01:27:21', NULL, NULL, 1),
       ('01', 'SXM', 1, 'DSH1/dsh1/SYSTEM/JGIB/SYSTEM/oracle', TIMESTAMP'2017-10-24 01:27:21', NULL, NULL, 3),
       ('00', NULL, 1, 'X_FMW/oracle/SYSTEM/JGIB/SYSTEM/oracle', TIMESTAMP'2017-10-24 01:27:21', NULL, NULL, 5),
       ('03', 'WC', 6, 'B2BINT/jzhu', TIMESTAMP'2020-04-13 18:00:43', NULL, TIMESTAMP'2020-04-13 18:00:43', 57543),
       ('03', 'WC', 7, 'B2BINT/jzhu', TIMESTAMP'2020-04-13 18:00:51', NULL, TIMESTAMP'2020-04-13 18:00:51', 57545),
       ('03', 'WC', 8, 'B2BINT/jzhu', TIMESTAMP'2020-04-13 18:01:00', NULL, TIMESTAMP'2020-04-13 18:01:00', 57547),
       ('02', 'WC', 8, 'B2BINT/jzhu', TIMESTAMP'2020-04-13 18:02:13', NULL, TIMESTAMP'2020-04-13 18:02:13', 57549),
       ('02', 'WC', 7, 'B2BINT/jzhu', TIMESTAMP'2020-04-13 18:02:19', NULL, TIMESTAMP'2020-04-13 18:02:19', 57551),
       ('02', 'WC', 6, 'B2BINT/jzhu', TIMESTAMP'2020-04-13 18:02:28', NULL, TIMESTAMP'2020-04-13 18:02:28', 57553),
       ('02', 'WCAR', 2, 'B2BINT/jzhu', TIMESTAMP'2018-01-31 23:45:47', NULL, NULL, 7),
       ('01', 'SXM', 2, 'B2BINT/jzhu', TIMESTAMP'2018-01-31 23:45:47', NULL, NULL, 9),
       ('00', NULL, 2, 'B2BINT/jzhu', TIMESTAMP'2018-01-31 23:45:47', NULL, NULL, 11),
       ('03', 'WC', 1, 'B2BINT/jzhu', TIMESTAMP'2020-02-13 19:55:38', NULL, TIMESTAMP'2020-02-13 19:55:38', 57531),
       ('03', 'WC', 2, 'B2BINT/jzhu', TIMESTAMP'2020-02-13 19:55:44', NULL, TIMESTAMP'2020-02-13 19:55:44', 57533),
       ('03', 'WC', 3, 'B2BINT/jzhu', TIMESTAMP'2020-02-13 19:55:52', NULL, TIMESTAMP'2020-02-13 19:55:52', 57535),
       ('03', 'WC', 4, 'B2BINT/jzhu', TIMESTAMP'2020-02-13 19:55:57', NULL, TIMESTAMP'2020-02-13 19:55:57', 57537),
       ('03', 'WC', 5, 'B2BINT/jzhu', TIMESTAMP'2020-02-13 20:02:52', NULL, TIMESTAMP'2020-02-13 20:02:52', 57539),
       ('02', 'WC', 5, 'B2BINT/jzhu', TIMESTAMP'2020-02-13 20:05:43', NULL, TIMESTAMP'2020-02-13 20:05:43', 57541),
       ('T1', 'TMNA', 1, 'B2BINT/jzhu', TIMESTAMP'2021-02-17 16:56:24', NULL, TIMESTAMP'2021-02-17 16:56:24', 57555),
       ('T1', 'TMNA', 2, 'B2BINT/jzhu', TIMESTAMP'2021-02-17 16:56:25', NULL, TIMESTAMP'2021-02-17 16:56:25', 57557),
       ('02', 'WCAR', 3, 'B2BINT/dsh1', TIMESTAMP'2019-01-24 21:21:17', NULL, TIMESTAMP'2019-01-24 21:21:17', 13),
       ('02', 'WCAR', 4, 'B2BINT/jzhu', TIMESTAMP'2019-07-25 13:42:20', 'B2BINT/jzhu', TIMESTAMP'2019-07-25 13:45:08',
        57523),
       ('01', 'SXM', 4, 'B2BINT/jzhu', TIMESTAMP'2019-07-25 13:42:48', 'B2BINT/jzhu', TIMESTAMP'2019-07-25 13:45:20',
        57525),
       ('00', NULL, 4, 'B2BINT/jzhu', TIMESTAMP'2019-07-25 13:43:16', 'B2BINT/jzhu', TIMESTAMP'2019-07-25 13:45:29',
        57527),
       ('04', 'WC', 8, 'B2BINT/jzhu', TIMESTAMP'2023-05-01 14:56:59', NULL, TIMESTAMP'2023-05-01 14:56:59', 57558),
       ('04', 'WC', 7, 'B2BINT/jzhu', TIMESTAMP'2023-05-01 14:56:59', NULL, TIMESTAMP'2023-05-01 14:56:59', 57559),
       ('04', 'WC', 6, 'B2BINT/jzhu', TIMESTAMP'2023-05-01 14:56:59', NULL, TIMESTAMP'2023-05-01 14:56:59', 57560),
       ('04', 'WC', 5, 'B2BINT/jzhu', TIMESTAMP'2023-05-01 14:56:59', NULL, TIMESTAMP'2023-05-01 14:56:59', 57561),
       ('04', 'WC', 4, 'B2BINT/jzhu', TIMESTAMP'2023-05-01 14:56:59', NULL, TIMESTAMP'2023-05-01 14:56:59', 57562),
       ('04', 'WC', 3, 'B2BINT/jzhu', TIMESTAMP'2023-05-01 14:56:59', NULL, TIMESTAMP'2023-05-01 14:56:59', 57563),
       ('04', 'WC', 2, 'B2BINT/jzhu', TIMESTAMP'2023-05-01 14:56:59', NULL, TIMESTAMP'2023-05-01 14:56:59', 57564),
       ('04', 'WC', 1, 'B2BINT/jzhu', TIMESTAMP'2023-05-01 14:56:59', NULL, TIMESTAMP'2023-05-01 14:56:59', 57565),
       ('T26', 'WC', 8, 'B2BINT/jzhu', TIMESTAMP'2024-05-14 17:27:33', NULL, TIMESTAMP'2024-05-14 17:27:33', 57566),
       ('T26', 'WC', 7, 'B2BINT/jzhu', TIMESTAMP'2024-05-14 17:27:34', NULL, TIMESTAMP'2024-05-14 17:27:34', 57567),
       ('T26', 'WC', 6, 'B2BINT/jzhu', TIMESTAMP'2024-05-14 17:27:34', NULL, TIMESTAMP'2024-05-14 17:27:34', 57568),
       ('T26', 'WC', 5, 'B2BINT/jzhu', TIMESTAMP'2024-05-14 17:27:34', NULL, TIMESTAMP'2024-05-14 17:27:34', 57569),
       ('T26', 'WC', 4, 'B2BINT/jzhu', TIMESTAMP'2024-05-14 17:27:34', NULL, TIMESTAMP'2024-05-14 17:27:34', 57570),
       ('T26', 'WC', 3, 'B2BINT/jzhu', TIMESTAMP'2024-05-14 17:27:34', NULL, TIMESTAMP'2024-05-14 17:27:34', 57571),
       ('T26', 'WC', 2, 'B2BINT/jzhu', TIMESTAMP'2024-05-14 17:27:34', NULL, TIMESTAMP'2024-05-14 17:27:34', 57572),
       ('T26', 'WC', 1, 'B2BINT/jzhu', TIMESTAMP'2024-05-14 17:27:34', NULL, TIMESTAMP'2024-05-14 17:27:34', 57573),
       ('00', NULL, 3, 'B2BINT/jzhu', TIMESTAMP'2018-02-12 17:29:58', 'B2BINT/dsh1', TIMESTAMP'2019-01-24 21:19:17',
        17),
       ('01', 'SXM', 3, 'B2BINT/jzhu', TIMESTAMP'2018-02-12 17:29:58', 'B2BINT/dsh1', TIMESTAMP'2019-01-24 21:19:23',
        15);

INSERT INTO TELE_FEATURES_MST (FEATURE_ID, FEATURE_CODE, FEATURE_DESC, REMOTE_FLG, DELIVERY_CHECKLIST_FLG,
                               MONRONEY_LABEL_FLG, CREATE_USER, CREATE_DATE, UPDATE_USER, UPDATE_DATE)
VALUES (57523, 'RES', 'Remote Start available', 'Y', NULL, NULL, 'B2BINT/dsh1/SYSTEM/oracle',
        TIMESTAMP'2017-10-24 01:27:22', NULL, TIMESTAMP'2017-10-24 01:27:22'),
       (57525, 'RCC', 'Remote Temperature Climate Control Available', 'Y', NULL, NULL, 'B2BINT/dsh1/SYSTEM/oracle',
        TIMESTAMP'2017-10-24 01:27:22', NULL, TIMESTAMP'2017-10-24 01:27:22'),
       (57527, 'RHSF', 'Remote Heated Front Seats', 'Y', NULL, NULL, 'B2BINT/dsh1/SYSTEM/oracle',
        TIMESTAMP'2017-10-24 01:27:22', NULL, TIMESTAMP'2017-10-24 01:27:22'),
       (57529, 'RHSB', 'Remote Heated Back Seats', 'Y', NULL, NULL, 'B2BINT/dsh1/SYSTEM/oracle',
        TIMESTAMP'2017-10-24 01:27:22', NULL, TIMESTAMP'2017-10-24 01:27:22'),
       (57531, 'RPOI', 'Destination to Vehicle (Built-In Navigation, Customer, Agent, SAS)', 'Y', NULL, NULL,
        'B2BINT/dsh1/SYSTEM/oracle', TIMESTAMP'2017-10-24 01:27:22', 'B2BINT/dsh1', TIMESTAMP'2018-07-06 19:28:26'),
       (57533, 'EYESIGHT', 'Eyesight', 'N', NULL, NULL, 'B2BINT/dsh1/SYSTEM/oracle', TIMESTAMP'2017-10-24 01:27:22',
        NULL, TIMESTAMP'2017-10-24 01:27:22'),
       (57535, 'REARBRK', 'Rear Braking', 'N', NULL, NULL, 'B2BINT/dsh1/SYSTEM/oracle', TIMESTAMP'2017-10-24 01:27:22',
        NULL, TIMESTAMP'2017-10-24 01:27:22'),
       (57537, 'BSD', 'Blind Spot Detection', 'N', NULL, NULL, 'B2BINT/dsh1/SYSTEM/oracle',
        TIMESTAMP'2017-10-24 01:27:22', NULL, TIMESTAMP'2017-10-24 01:27:22'),
       (57563, 'RHVAC', 'Rear HVAC Control', 'Y', NULL, NULL, 'B2BINT/dsh1', TIMESTAMP'2018-03-06 21:42:36',
        'B2BINT/dsh1', TIMESTAMP'2018-03-06 21:43:08'),
       (57567, 'SRS_MIL', 'Airbag System', 'N', NULL, NULL, 'B2BINT/dsh1', TIMESTAMP'2018-05-08 14:59:17', NULL,
        TIMESTAMP'2018-05-08 14:59:17'),
       (57569, 'AWD_MIL', 'All-Wheel Drive', 'N', NULL, NULL, 'B2BINT/dsh1', TIMESTAMP'2018-05-08 14:59:17', NULL,
        TIMESTAMP'2018-05-08 14:59:17'),
       (57571, 'ABS_MIL', 'Anti-Lock Braking System', 'N', NULL, NULL, 'B2BINT/dsh1', TIMESTAMP'2018-05-08 14:59:17',
        NULL, TIMESTAMP'2018-05-08 14:59:17'),
       (57573, 'ATF_MIL', 'Automatic Transmission Oil Temperature', 'N', NULL, NULL, 'B2BINT/dsh1',
        TIMESTAMP'2018-05-08 14:59:17', NULL, TIMESTAMP'2018-05-08 14:59:17'),
       (57575, 'BSDRCT_MIL', 'Blind-Spot Detection/Rear Cross Traffic Alert', 'N', NULL, NULL, 'B2BINT/dsh1',
        TIMESTAMP'2018-05-08 14:59:17', NULL, TIMESTAMP'2018-05-08 14:59:17'),
       (57577, 'CEL_MIL', 'Check Engine', 'N', NULL, NULL, 'B2BINT/dsh1', TIMESTAMP'2018-05-08 14:59:17', NULL,
        TIMESTAMP'2018-05-08 14:59:17'),
       (57579, 'EBD_MIL', 'Electronic Brake Force Distribution', 'N', NULL, NULL, 'B2BINT/dsh1',
        TIMESTAMP'2018-05-08 14:59:17', NULL, TIMESTAMP'2018-05-08 14:59:17'),
       (57581, 'EPB_MIL', 'Electronic Parking Brake', 'N', NULL, NULL, 'B2BINT/dsh1', TIMESTAMP'2018-05-08 14:59:17',
        NULL, TIMESTAMP'2018-05-08 14:59:17'),
       (57583, 'EOL_MIL', 'Engine Oil Level', 'N', NULL, NULL, 'B2BINT/dsh1', TIMESTAMP'2018-05-08 14:59:17', NULL,
        TIMESTAMP'2018-05-08 14:59:17'),
       (57585, 'ESS_MIL', 'EyeSight System', 'N', NULL, NULL, 'B2BINT/dsh1', TIMESTAMP'2018-05-08 14:59:17', NULL,
        TIMESTAMP'2018-05-08 14:59:17'),
       (57587, 'HEV_MIL', 'Hybrid System', 'N', NULL, NULL, 'B2BINT/dsh1', TIMESTAMP'2018-05-08 14:59:17', NULL,
        TIMESTAMP'2018-05-08 14:59:17'),
       (57589, 'ISS_MIL', 'ISS Off/Fail Indicator', 'N', NULL, NULL, 'B2BINT/dsh1', TIMESTAMP'2018-05-08 14:59:17',
        NULL, TIMESTAMP'2018-05-08 14:59:17'),
       (57591, 'OPL_MIL', 'Oil Pressure', 'N', NULL, NULL, 'B2BINT/dsh1', TIMESTAMP'2018-05-08 14:59:17', NULL,
        TIMESTAMP'2018-05-08 14:59:17'),
       (57593, 'HEVCM_MIL', 'P-Hev Charge', 'N', NULL, NULL, 'B2BINT/dsh1', TIMESTAMP'2018-05-08 14:59:17', NULL,
        TIMESTAMP'2018-05-08 14:59:17'),
       (57595, 'PAB_MIL', 'Pedestrian Airbag', 'N', NULL, NULL, 'B2BINT/dsh1', TIMESTAMP'2018-05-08 14:59:17', NULL,
        TIMESTAMP'2018-05-08 14:59:17'),
       (57597, 'EPAS_MIL', 'Power Steering', 'N', NULL, NULL, 'B2BINT/dsh1', TIMESTAMP'2018-05-08 14:59:17', NULL,
        TIMESTAMP'2018-05-08 14:59:17'),
       (57599, 'RAB_MIL', 'Reverse Automatic Braking system', 'N', NULL, NULL, 'B2BINT/dsh1',
        TIMESTAMP'2018-05-08 14:59:17', NULL, TIMESTAMP'2018-05-08 14:59:17'),
       (57601, 'TEL_MIL', 'Telematics System', 'N', NULL, NULL, 'B2BINT/dsh1', TIMESTAMP'2018-05-08 14:59:18', NULL,
        TIMESTAMP'2018-05-08 14:59:18'),
       (57603, 'TPMS_MIL', 'Tire Pressure Management System', 'N', NULL, NULL, 'B2BINT/dsh1',
        TIMESTAMP'2018-05-08 14:59:18', NULL, TIMESTAMP'2018-05-08 14:59:18'),
       (57605, 'VDC_MIL', 'Vehicle Dynamic Control', 'N', NULL, NULL, 'B2BINT/dsh1', TIMESTAMP'2018-05-08 14:59:18',
        NULL, TIMESTAMP'2018-05-08 14:59:18'),
       (57607, 'WASH_MIL', 'Washer Fluid', 'N', NULL, NULL, 'B2BINT/dsh1', TIMESTAMP'2018-05-08 14:59:18', NULL,
        TIMESTAMP'2018-05-08 14:59:18'),
       (57609, '7.0DMMA', 'Subaru 7.0" Dual Multimedia System', 'N', NULL, NULL, 'B2BINT/dsh1',
        TIMESTAMP'2018-05-08 14:59:18', 'SCAGLE/scagle', TIMESTAMP'2025-02-14 14:37:09'),
       (57611, '11.6MMA', 'Subaru 11.6" Multimedia Plus System', 'N', NULL, NULL, 'B2BINT/dsh1',
        TIMESTAMP'2018-05-08 14:59:18', 'SCAGLE/scagle', TIMESTAMP'2025-02-14 14:37:09'),
       (57613, '11.6MMAN', 'Subaru 11.6" Multimedia Navi System', 'N', NULL, NULL, 'B2BINT/dsh1',
        TIMESTAMP'2018-05-08 14:59:18', 'SCAGLE/scagle', TIMESTAMP'2025-02-14 14:37:09'),
       (57615, 'ACCS', 'Automatic - Climate Control Setting', 'N', NULL, NULL, 'B2BINT/dsh1',
        TIMESTAMP'2018-05-08 14:59:18', NULL, TIMESTAMP'2018-05-08 14:59:18'),
       (57617, 'RESCC', 'Remote Engine Start with Climate Control', 'Y', NULL, NULL, 'B2BINT/dsh1',
        TIMESTAMP'2018-05-08 14:59:18', NULL, TIMESTAMP'2018-05-08 14:59:18'),
       (57697, 'SRH_MIL', 'Steering Responsive Headlights (SRH)', 'N', NULL, NULL, 'B2BINT/jzhu',
        TIMESTAMP'2021-08-13 19:02:04', NULL, TIMESTAMP'2021-08-13 19:02:04'),
       (57699, 'AHBL_MIL', 'Automatic High Beam Leveler', 'N', NULL, NULL, 'B2BINT/jzhu',
        TIMESTAMP'2021-08-13 19:02:04', NULL, TIMESTAMP'2021-08-13 19:02:04'),
       (57739, 'WDWSTAT', 'Window Status', 'N', NULL, NULL, 'B2BINT/jzhu', TIMESTAMP'2023-06-26 18:17:43', NULL,
        TIMESTAMP'2023-06-26 18:17:43'),
       (57740, 'DOORF', 'Two Door Vehicle', 'N', NULL, NULL, 'B2BINT/jzhu', TIMESTAMP'2023-06-26 18:17:43', NULL,
        TIMESTAMP'2023-06-26 18:17:43'),
       (57741, 'DOORALL', 'Four Door Vehicle', 'N', NULL, NULL, 'B2BINT/jzhu', TIMESTAMP'2023-06-26 18:17:43', NULL,
        TIMESTAMP'2023-06-26 18:17:43'),
       (57742, 'HOODSTAT', 'Hood Open/Close Status', 'N', NULL, NULL, 'B2BINT/jzhu', TIMESTAMP'2023-06-26 18:17:43',
        NULL, TIMESTAMP'2023-06-26 18:17:43'),
       (57743, 'TAIL_OC_STAT', 'Tailgate Open / Close Status', 'N', NULL, NULL, 'B2BINT/jzhu',
        TIMESTAMP'2023-06-26 18:17:43', NULL, TIMESTAMP'2023-06-26 18:17:43'),
       (57744, 'DOOR_OC_STAT', 'Door Open / Close Status', 'N', NULL, NULL, 'B2BINT/jzhu',
        TIMESTAMP'2023-06-26 18:17:43', NULL, TIMESTAMP'2023-06-26 18:17:43'),
       (57760, 'GEN3HHU', 'Gen 3.1 High Grade Head Unit', 'Y', NULL, NULL, 'SCAGLE/scagle',
        TIMESTAMP'2024-10-02 20:15:06', NULL, TIMESTAMP'2024-10-02 20:15:06'),
       (57761, 'GEN3MHU', 'Gen 3.1 Mid Grade Head Unit', 'Y', NULL, NULL, 'SCAGLE/scagle',
        TIMESTAMP'2024-10-02 20:15:06', NULL, TIMESTAMP'2024-10-02 20:15:06'),
       (57762, 'CP1HHU', 'CP1 High Grade Head Unit', 'Y', NULL, NULL, 'SCAGLE/scagle', TIMESTAMP'2024-10-02 20:15:06',
        NULL, TIMESTAMP'2024-10-02 20:15:06'),
       (57763, 'CP1MHU', 'CP1 Mid Grade Head Unit', 'Y', NULL, NULL, 'SCAGLE/scagle', TIMESTAMP'2024-10-02 20:15:06',
        NULL, TIMESTAMP'2024-10-02 20:15:06'),
       (57764, 'CP1LITEHHU', 'CP1 Lite High Grade Head Unit', 'Y', NULL, NULL, 'SCAGLE/scagle',
        TIMESTAMP'2024-10-02 20:15:07', NULL, TIMESTAMP'2024-10-02 20:15:07'),
       (57765, 'CP1LITEMHU', 'CP1 Lite Mid Grade Head Unit', 'Y', NULL, NULL, 'SCAGLE/scagle',
        TIMESTAMP'2024-10-02 20:15:07', NULL, TIMESTAMP'2024-10-02 20:15:07'),
       (57766, 'CP1_5HHU', 'CP1.5 High Grade Head Unit', 'Y', NULL, NULL, 'SCAGLE/scagle',
        TIMESTAMP'2024-10-02 20:15:07', NULL, TIMESTAMP'2024-10-02 20:15:07'),
       (57767, 'CP1_5MHU', 'CP1.5 Mid Grade Head Unit', 'Y', NULL, NULL, 'SCAGLE/scagle',
        TIMESTAMP'2024-10-02 20:15:07', NULL, TIMESTAMP'2024-10-02 20:15:07'),
       (57768, 'CP25HHU', 'CP25 High Grade Head Unit', 'Y', NULL, NULL, 'SCAGLE/scagle', TIMESTAMP'2024-10-02 20:15:07',
        NULL, TIMESTAMP'2024-10-02 20:15:07'),
       (57769, 'CP25MHU', 'CP25 Mid Grade Head Unit', 'Y', NULL, NULL, 'SCAGLE/scagle', TIMESTAMP'2024-10-02 20:15:07',
        NULL, TIMESTAMP'2024-10-02 20:15:07'),
       (57770, 'GEN0', 'No Telematics', 'Y', NULL, NULL, 'SCAGLE/scagle', TIMESTAMP'2024-10-02 20:15:07', NULL,
        TIMESTAMP'2024-10-02 20:15:07'),
       (57771, 'T16DCM', 'T16 DCM', 'Y', NULL, NULL, 'SCAGLE/scagle', TIMESTAMP'2024-10-02 20:15:07', NULL,
        TIMESTAMP'2024-10-02 20:15:07'),
       (57772, 'T19DCM', 'T19 DCM', 'Y', NULL, NULL, 'SCAGLE/scagle', TIMESTAMP'2024-10-02 20:15:07', NULL,
        TIMESTAMP'2024-10-02 20:15:07'),
       (57773, 'T19PLUSDCM', 'T19+ DCM', 'Y', NULL, NULL, 'SCAGLE/scagle', TIMESTAMP'2024-10-02 20:15:07', NULL,
        TIMESTAMP'2024-10-02 20:15:07'),
       (57774, 'T23DCM', 'T23 DCM', 'Y', NULL, NULL, 'SCAGLE/scagle', TIMESTAMP'2024-10-02 20:15:07', NULL,
        TIMESTAMP'2024-10-02 20:15:07'),
       (57775, 'T26DCM', 'T26 DCM', 'Y', NULL, NULL, 'SCAGLE/scagle', TIMESTAMP'2024-10-02 20:15:07', NULL,
        TIMESTAMP'2024-10-02 20:15:07'),
       (57565, 'PHEV', 'Plug-in Hybrid Electric Vehicle (PHEV)', 'N', NULL, NULL, 'B2BINT/dsh1',
        TIMESTAMP'2018-04-03 20:01:51', NULL, TIMESTAMP'2018-04-03 20:01:51'),
       (57621, '6.2MMA', 'Subaru 6.2" Multimedia System', 'N', NULL, NULL, 'B2BINT/dsh1',
        TIMESTAMP'2019-02-13 15:23:53', 'SCAGLE/scagle', TIMESTAMP'2025-02-14 14:37:09'),
       (57623, '6.5MMA', 'Subaru 6.5" Multimedia System', 'N', NULL, NULL, 'B2BINT/dsh1',
        TIMESTAMP'2019-02-13 15:23:53', 'SCAGLE/scagle', TIMESTAMP'2025-02-14 14:37:09'),
       (57625, '6.5MMA+', 'Subaru 6.5" Multimedia Plus System', 'N', NULL, NULL, 'B2BINT/dsh1',
        TIMESTAMP'2019-02-13 15:23:53', 'SCAGLE/scagle', TIMESTAMP'2025-02-14 14:37:09'),
       (57627, '7.0MMA', 'Subaru 7.0" Multimedia Plus System', 'N', NULL, NULL, 'B2BINT/dsh1',
        TIMESTAMP'2019-02-13 15:23:53', 'SCAGLE/scagle', TIMESTAMP'2025-02-14 14:37:09'),
       (57629, '7.0MMA_31', 'Subaru 7.0" Multimedia Plus System (2019+)', 'N', NULL, NULL, 'B2BINT/dsh1',
        TIMESTAMP'2019-02-13 15:23:53', 'SCAGLE/scagle', TIMESTAMP'2025-02-14 14:37:09'),
       (57631, '7.0MMAN', 'Subaru 7.0" Multimedia Navigation System', 'N', NULL, NULL, 'B2BINT/dsh1',
        TIMESTAMP'2019-02-13 15:23:53', 'SCAGLE/scagle', TIMESTAMP'2025-02-14 14:37:09'),
       (57633, '7.0MMAN_31', 'Subaru 7.0" Multimedia Navigation System (2019+)', 'N', NULL, NULL, 'B2BINT/dsh1',
        TIMESTAMP'2019-02-13 15:23:53', 'SCAGLE/scagle', TIMESTAMP'2025-02-14 14:37:09'),
       (57635, '8.0MMA', 'Subaru 8.0" Multimedia Plus System', 'N', NULL, NULL, 'B2BINT/dsh1',
        TIMESTAMP'2019-02-13 15:23:53', 'SCAGLE/scagle', TIMESTAMP'2025-02-14 14:37:09'),
       (57637, '8.0MMAN', 'Subaru 8.0" Multimedia Navigation System', 'N', NULL, NULL, 'B2BINT/dsh1',
        TIMESTAMP'2019-02-13 15:23:53', 'SCAGLE/scagle', TIMESTAMP'2025-02-14 14:37:09'),
       (57639, 'DMS', 'Driver Monitoring System', 'N', NULL, NULL, 'B2BINT/dsh1', TIMESTAMP'2019-02-13 15:23:53', NULL,
        TIMESTAMP'2019-02-13 15:23:53'),
       (57641, 'MHVAC', 'Manual HVAC System', 'N', NULL, NULL, 'B2BINT/dsh1', TIMESTAMP'2019-02-13 15:23:53', NULL,
        TIMESTAMP'2019-02-13 15:23:53'),
       (57643, 'KAS', 'Keyless Access with Push Button Start', 'N', NULL, NULL, 'B2BINT/dsh1',
        TIMESTAMP'2019-02-13 15:23:53', NULL, TIMESTAMP'2019-02-13 15:23:53'),
       (57645, 'AACN', 'Advanced Automatic Collision Notification (AACN)', 'N', NULL, NULL, 'B2BINT/dsh1',
        TIMESTAMP'2019-02-13 15:23:54', NULL, TIMESTAMP'2019-02-13 15:23:54'),
       (57647, 'ACN', 'Automatic Collision Notification (ACN)', 'N', NULL, NULL, 'B2BINT/dsh1',
        TIMESTAMP'2019-02-13 15:23:54', NULL, TIMESTAMP'2019-02-13 15:23:54'),
       (57649, 'CURFEW', 'Curfew Alert', 'N', NULL, NULL, 'B2BINT/dsh1', TIMESTAMP'2019-02-13 15:23:54', NULL,
        TIMESTAMP'2019-02-13 15:23:54'),
       (57651, 'GEO', 'Boundary Alert', 'N', NULL, NULL, 'B2BINT/dsh1', TIMESTAMP'2019-02-13 15:23:54', NULL,
        TIMESTAMP'2019-02-13 15:23:54'),
       (57653, 'RBC', 'Remote Battery Charging Timer (PHEV)', 'Y', NULL, NULL, 'B2BINT/dsh1',
        TIMESTAMP'2019-02-13 15:23:54', NULL, TIMESTAMP'2019-02-13 15:23:54'),
       (57655, 'RDL', 'Remote Lock & Unlock', 'Y', NULL, NULL, 'B2BINT/dsh1', TIMESTAMP'2019-02-13 15:23:54', NULL,
        TIMESTAMP'2019-02-13 15:23:54'),
       (57657, 'RHL', 'Remote Horn & Lights', 'Y', NULL, NULL, 'B2BINT/dsh1', TIMESTAMP'2019-02-13 15:23:54', NULL,
        TIMESTAMP'2019-02-13 15:23:54'),
       (57659, 'RVL', 'Remote Vehicle Locator', 'Y', NULL, NULL, 'B2BINT/dsh1', TIMESTAMP'2019-02-13 15:23:54', NULL,
        TIMESTAMP'2019-02-13 15:23:54'),
       (57661, 'SAN', 'Vehicle Security Alarm Notification', 'N', NULL, NULL, 'B2BINT/dsh1',
        TIMESTAMP'2019-02-13 15:23:54', NULL, TIMESTAMP'2019-02-13 15:23:54'),
       (57663, 'SAS', 'Service Appointment Scheduler (HU)', 'N', NULL, NULL, 'B2BINT/dsh1',
        TIMESTAMP'2019-02-13 15:23:54', NULL, TIMESTAMP'2019-02-13 15:23:54'),
       (57665, 'SPEED', 'Speed Alert', 'N', NULL, NULL, 'B2BINT/dsh1', TIMESTAMP'2019-02-13 15:23:54', NULL,
        TIMESTAMP'2019-02-13 15:23:54'),
       (57667, 'SVI', 'Stolen Vehicle Immobilization', 'N', NULL, NULL, 'B2BINT/dsh1', TIMESTAMP'2019-02-13 15:23:54',
        NULL, TIMESTAMP'2019-02-13 15:23:54'),
       (57669, 'SVR+02', 'Stolen Vehicle Recovery Plus', 'N', NULL, NULL, 'B2BINT/dsh1', TIMESTAMP'2019-02-13 15:23:54',
        NULL, TIMESTAMP'2019-02-13 15:23:54'),
       (57671, 'SVR01', 'Stolen Vehicle Recovery', 'N', NULL, NULL, 'B2BINT/dsh1', TIMESTAMP'2019-02-13 15:23:54', NULL,
        TIMESTAMP'2019-02-13 15:23:54'),
       (57673, 'WIFI', 'WiFi Hotspot', 'N', NULL, NULL, 'B2BINT/dsh1', TIMESTAMP'2019-02-13 15:23:54', NULL,
        TIMESTAMP'2019-02-13 15:23:54'),
       (57675, 'NAV_HERE', 'HERE Navigation Update', 'N', NULL, NULL, 'B2BINT/dsh1', TIMESTAMP'2019-02-13 15:23:54',
        NULL, TIMESTAMP'2019-02-13 15:23:54'),
       (57677, 'NAV_TOMTOM', 'TOMTOM Navigation Update', 'N', NULL, NULL, 'B2BINT/dsh1', TIMESTAMP'2019-02-13 15:23:54',
        NULL, TIMESTAMP'2019-02-13 15:23:54'),
       (57715, 'TIF_33', 'TIRE INFLATION FRONT 33 PSI', 'N', NULL, NULL, 'B2BINT/jzhu', TIMESTAMP'2022-06-17 12:04:13',
        NULL, TIMESTAMP'2022-06-17 12:04:13'),
       (57717, 'TIF_35', 'TIRE INFLATION FRONT 35 PSI', 'N', NULL, NULL, 'B2BINT/jzhu', TIMESTAMP'2022-06-17 12:04:13',
        NULL, TIMESTAMP'2022-06-17 12:04:13'),
       (57719, 'TIF_36', 'TIRE INFLATION FRONT 36 PSI', 'N', NULL, NULL, 'B2BINT/jzhu', TIMESTAMP'2022-06-17 12:04:13',
        NULL, TIMESTAMP'2022-06-17 12:04:13'),
       (57721, 'TIF_38', 'TIRE INFLATION FRONT 38 PSI', 'N', NULL, NULL, 'B2BINT/jzhu', TIMESTAMP'2022-06-17 12:04:13',
        NULL, TIMESTAMP'2022-06-17 12:04:13'),
       (57723, 'TIR_32', 'TIRE INFLATION REAR 32 PSI', 'N', NULL, NULL, 'B2BINT/jzhu', TIMESTAMP'2022-06-17 12:04:14',
        NULL, TIMESTAMP'2022-06-17 12:04:14'),
       (57725, 'TIR_33', 'TIRE INFLATION REAR 33 PSI', 'N', NULL, NULL, 'B2BINT/jzhu', TIMESTAMP'2022-06-17 12:04:14',
        NULL, TIMESTAMP'2022-06-17 12:04:14'),
       (57727, 'TIR_35', 'TIRE INFLATION REAR 35 PSI', 'N', NULL, NULL, 'B2BINT/jzhu', TIMESTAMP'2022-06-17 12:04:14',
        NULL, TIMESTAMP'2022-06-17 12:04:14'),
       (57729, 'TIR_38', 'TIRE INFLATION REAR 38 PSI', 'N', NULL, NULL, 'B2BINT/jzhu', TIMESTAMP'2022-06-17 12:04:14',
        NULL, TIMESTAMP'2022-06-17 12:04:14'),
       (57731, 'PANPM-DG2G', 'PANORAMIC POWER MOONROOF: DUAL: GLASS TO GLASS', 'N', NULL, NULL, 'B2BINT/jzhu',
        TIMESTAMP'2022-08-17 15:38:09', NULL, TIMESTAMP'2022-08-17 15:38:09'),
       (57733, 'PANPM-TUIRWAOC', 'POWER MOONROOF: TILT UP and INTERNAL RETRACTING W/AUTO-OPEN/CLOSE', 'N', NULL, NULL,
        'B2BINT/jzhu', TIMESTAMP'2022-08-17 15:43:40', NULL, TIMESTAMP'2022-08-17 15:43:40'),
       (57736, 'VALET_SETTINGS', 'VALET MODE SETTINGS', 'Y', NULL, NULL, 'B2BINT/jzhu', TIMESTAMP'2023-01-27 15:04:09',
        'B2BINT/jzhu', TIMESTAMP'2023-01-27 15:06:01'),
       (57738, 'SHEV', 'STRONG HYBRID (SHEV)', 'N', NULL, NULL, 'B2BINT/jzhu', TIMESTAMP'2023-06-12 17:11:46', NULL,
        TIMESTAMP'2023-06-12 17:11:46'),
       (57745, 'MOONSTAT', 'Moonroof Status', 'N', NULL, NULL, 'B2BINT/jzhu', TIMESTAMP'2023-06-29 12:39:09', NULL,
        TIMESTAMP'2023-06-29 12:39:09'),
       (57747, 'PANMRF_ES', 'PANORAMIC MOONROOF: FIXED W/ ELECTRONIC SUNSHADE', 'N', NULL, NULL, 'B2BINT/jzhu',
        TIMESTAMP'2023-08-29 13:14:10', NULL, TIMESTAMP'2023-08-29 13:14:10'),
       (57748, 'PANPM-FGTU',
        'PANORAMIC POWER MOONROOF: FRONT GLASS: TILT UP and EXTERNAL RETRACTING W/ AUTO-OPEN / CLOSE', 'N', NULL, NULL,
        'B2BINT/jzhu', TIMESTAMP'2023-08-29 13:14:10', NULL, TIMESTAMP'2023-08-29 13:14:10'),
       (57749, 'PANPM-INTRETR', 'PANORAMIC POWER MOONROOF: INTERNAL RETRACTING W/ AUTO-OPEN / CLOSE', 'N', NULL, NULL,
        'B2BINT/jzhu', TIMESTAMP'2023-08-29 13:14:10', NULL, TIMESTAMP'2023-08-29 13:14:10'),
       (57750, 'PANPM-PWRSHD', 'PANORAMIC POWER MOONROOF: POWER SUNSHADE', 'N', NULL, NULL, 'B2BINT/jzhu',
        TIMESTAMP'2023-08-29 13:14:10', NULL, TIMESTAMP'2023-08-29 13:14:10'),
       (57751, 'PANPW-RGF', 'PANORAMIC POWER MOONROOF: REAR GLASS: FIXED', 'N', NULL, NULL, 'B2BINT/jzhu',
        TIMESTAMP'2023-08-29 13:14:10', NULL, TIMESTAMP'2023-08-29 13:14:10'),
       (57752, 'TAIL_LU_STAT', 'Tailgate Lock / Unlock Status', 'N', NULL, NULL, 'B2BINT/jzhu',
        TIMESTAMP'2023-09-28 18:43:09', NULL, TIMESTAMP'2023-09-28 18:43:09'),
       (57753, 'DOOR_LU_STAT', 'Door Lock / Unlock Status', 'N', NULL, NULL, 'B2BINT/jzhu',
        TIMESTAMP'2023-09-28 18:43:09', NULL, TIMESTAMP'2023-09-28 18:43:09'),
       (57789, 'SRH', 'STEERING RESPONSIVE HEADLIGHTS', 'Y', NULL, NULL, 'SCAGLE/scagle',
        TIMESTAMP'2024-10-14 16:14:57', NULL, TIMESTAMP'2024-10-14 16:14:57'),
       (57790, 'EAM', 'EYESIGHT ASSIST MONITOR', 'Y', NULL, NULL, 'SCAGLE/scagle', TIMESTAMP'2024-10-14 16:14:57', NULL,
        TIMESTAMP'2024-10-14 16:14:57'),
       (57619, 'RPOIA', 'Destination to Vehicle (Built-In Navigation, Agent, SAS)', 'Y', NULL, NULL, 'B2BINT/dsh1',
        TIMESTAMP'2018-07-06 19:27:06', NULL, TIMESTAMP'2018-07-06 19:27:06'),
       (57683, 'RRSR', 'REMOTE REAR SEAT REMINDER (GEN 3)', 'Y', NULL, NULL, 'B2BINT/jzhu',
        TIMESTAMP'2021-04-12 22:59:06', NULL, TIMESTAMP'2021-04-12 22:59:06'),
       (57685, 'RVFS', 'REMOTE VENTILATED FRONT SEATS (GEN 3)', 'Y', NULL, NULL, 'B2BINT/jzhu',
        TIMESTAMP'2021-04-12 22:59:07', NULL, TIMESTAMP'2021-04-12 22:59:07'),
       (57687, 'RTGU', 'REMOTE TAILGATE UNLOCK (GEN 3)', 'Y', NULL, NULL, 'B2BINT/jzhu', TIMESTAMP'2021-04-12 22:59:07',
        NULL, TIMESTAMP'2021-04-12 22:59:07'),
       (57689, 'VALET', 'VALET ALERT MODE (GEN 3)', 'Y', NULL, NULL, 'B2BINT/jzhu', TIMESTAMP'2021-04-12 22:59:07',
        'B2BINT/jzhu', TIMESTAMP'2022-08-17 15:38:55'),
       (57691, 'SXM360L', 'SXM360L (GEN 3)', 'N', NULL, NULL, 'B2BINT/jzhu', TIMESTAMP'2021-04-12 22:59:07', NULL,
        TIMESTAMP'2021-04-12 22:59:07'),
       (57693, 'RDP', 'REMOTE DRIVER PROFILE (GEN 3)', 'Y', NULL, NULL, 'B2BINT/jzhu', TIMESTAMP'2021-04-12 22:59:07',
        NULL, TIMESTAMP'2021-04-12 22:59:07'),
       (57695, 'TLD', 'TRIP LOGS (GEN 3)', 'Y', NULL, NULL, 'B2BINT/jzhu', TIMESTAMP'2021-04-12 22:59:07', NULL,
        TIMESTAMP'2021-04-12 22:59:07'),
       (57701, 'CMD-4.2-HIGH', 'HIGH GRADE W/ 4.2-INCH LCD COLOR COMBINATION METER DISPLAY (CMD)', 'N', NULL, NULL,
        'B2BINT/jzhu', TIMESTAMP'2021-08-19 16:55:34', NULL, TIMESTAMP'2021-08-19 16:55:34'),
       (57703, 'CMD-4.2-HIGH-HYB', 'HIGH GRADE W/ 4.2-INCH LCD COLOR COMBINATION METER DISPLAY (CMD): HYBRID TYPE', 'N',
        NULL, NULL, 'B2BINT/jzhu', TIMESTAMP'2021-08-19 16:55:42', NULL, TIMESTAMP'2021-08-19 16:55:42'),
       (57705, 'CMD-4.2-HIGH-SP', 'HIGH GRADE W/ 4.2-INCH LCD COLOR COMBINATION METER DISPLAY (CMD): SPORT TYPE', 'N',
        NULL, NULL, 'B2BINT/jzhu', TIMESTAMP'2021-08-19 16:55:42', NULL, TIMESTAMP'2021-08-19 16:55:42'),
       (57707, 'CMD-4.2-STD', 'STANDARD GRADE W/ 4.2-INCH LCD COLOR COMBINATION METER DISPLAY (CMD)', 'N', NULL, NULL,
        'B2BINT/jzhu', TIMESTAMP'2021-08-19 16:55:42', NULL, TIMESTAMP'2021-08-19 16:55:42'),
       (57709, 'CMD-4.2-HIGH-SW',
        'HIGH GRADE W/ 4.2-INCH LCD COLOR COMBINATION METER DISPLAY (CMD) and ANNODIZED COPPER ACCENTS', 'N', NULL,
        NULL, 'B2BINT/jzhu', TIMESTAMP'2021-08-19 16:58:57', NULL, TIMESTAMP'2021-08-19 16:58:57'),
       (57711, 'HBA_MIL', 'HIGH BEAM ASSIST', 'N', NULL, NULL, 'B2BINT/jzhu', TIMESTAMP'2022-02-08 19:17:57', NULL,
        TIMESTAMP'2022-02-08 19:17:57'),
       (57713, 'LED_MIL', 'LED HEADLIGHT', 'N', NULL, NULL, 'B2BINT/jzhu', TIMESTAMP'2022-02-08 19:18:00', NULL,
        TIMESTAMP'2022-02-08 19:18:00'),
       (57735, 'PWAAADWWAP', 'POWER WINDOWS: AUTO-UP / AUTO-DOWN ALL WINDOWS  W/ ANTI-PINCH PROTECTION', 'N', NULL,
        NULL, 'B2BINT/jzhu', TIMESTAMP'2022-08-17 19:53:50', NULL, TIMESTAMP'2022-08-17 19:53:50'),
       (57737, 'TRAFFIC', 'SUBARU TRAFFIC CONNECT', 'N', NULL, NULL, 'B2BINT/jzhu', TIMESTAMP'2023-02-02 20:16:40',
        NULL, TIMESTAMP'2023-02-02 20:16:40'),
       (57746, 'RVCCRFSH', 'RVCC Refresh', 'Y', NULL, NULL, 'B2BINT/jzhu', TIMESTAMP'2023-07-18 15:05:55', NULL,
        TIMESTAMP'2023-07-18 15:05:55'),
       (57776, 'LD_SW', 'LANE DEPARTURE AND LANE SWAY WARNING', 'Y', NULL, NULL, 'SCAGLE/scagle',
        TIMESTAMP'2024-10-10 18:39:11', NULL, TIMESTAMP'2024-10-10 18:39:11'),
       (57777, 'DMS_CLCDP', 'DRIVER MONITORING SYSTEM (DMS) / DRIVERFOCUS(R) CAMERA LOCATION: CENTER DASH PANEL', 'Y',
        NULL, NULL, 'SCAGLE/scagle', TIMESTAMP'2024-10-10 18:39:11', NULL, TIMESTAMP'2024-10-10 18:39:11'),
       (57778, 'RES_HVAC_HFS', 'REMOTE ENGINEcSTART W/ REMOTE CLIMATE CONTROL/HEATED FRONT SEATS', 'Y', NULL, NULL,
        'SCAGLE/scagle', TIMESTAMP'2024-10-10 18:39:11', NULL, TIMESTAMP'2024-10-10 18:39:11'),
       (57779, 'AADCCLC', 'ADVANCED ADAPTIVE CRUISE CONTROL WITH LANE CENTERING', 'Y', NULL, NULL, 'SCAGLE/scagle',
        TIMESTAMP'2024-10-10 18:39:11', NULL, TIMESTAMP'2024-10-10 18:39:11'),
       (57780, 'AHBL_MIL', 'Automatic Headlight Beam Leveler', 'Y', NULL, NULL, 'SCAGLE/scagle',
        TIMESTAMP'2024-10-10 18:39:11', NULL, TIMESTAMP'2024-10-10 18:39:11'),
       (57781, 'RCTA', 'REAR CROSS-TRAFFIC ALERT', 'Y', NULL, NULL, 'SCAGLE/scagle', TIMESTAMP'2024-10-10 18:39:11',
        NULL, TIMESTAMP'2024-10-10 18:39:11'),
       (57782, 'BRAKE_OVER', 'BRAKE OVERRIDE SYSTEM', 'Y', NULL, NULL, 'SCAGLE/scagle', TIMESTAMP'2024-10-10 18:39:11',
        NULL, TIMESTAMP'2024-10-10 18:39:11'),
       (57783, 'SRH_MIL', 'STEERING RESPONSIVE HEADLIGHTS', 'Y', NULL, NULL, 'SCAGLE/scagle',
        TIMESTAMP'2024-10-10 18:39:11', NULL, TIMESTAMP'2024-10-10 18:39:11'),
       (57784, 'PC_BRK', 'PRECOLLISION BRAKING SYSTEM', 'Y', NULL, NULL, 'SCAGLE/scagle',
        TIMESTAMP'2024-10-10 18:39:11', NULL, TIMESTAMP'2024-10-10 18:39:11'),
       (57785, 'PC_BRK_A', 'PRECOLLISION BRAKING ASSIST', 'Y', NULL, NULL, 'SCAGLE/scagle',
        TIMESTAMP'2024-10-10 18:39:11', NULL, TIMESTAMP'2024-10-10 18:39:11'),
       (57786, 'PC_THROT', 'PRECOLLISION THROTTLE MANAGEMENT (ENGINE CONTROL)', 'Y', NULL, NULL, 'SCAGLE/scagle',
        TIMESTAMP'2024-10-10 18:39:11', NULL, TIMESTAMP'2024-10-10 18:39:11'),
       (57787, 'HBA', 'HEADLIGHTS: HIGH BEAM ASSIST (HBA)', 'Y', NULL, NULL, 'SCAGLE/scagle',
        TIMESTAMP'2024-10-10 18:39:11', NULL, TIMESTAMP'2024-10-10 18:39:11'),
       (57788, 'REAR_VC', 'REAR-VISION CAMERA', 'Y', NULL, NULL, 'SCAGLE/scagle', TIMESTAMP'2024-10-10 18:39:11', NULL,
        TIMESTAMP'2024-10-10 18:39:11'),
       (57679, 'EVDTE', 'EV Distance to Empty Display in MySubaru', 'N', NULL, NULL, 'B2BINT/dsh1',
        TIMESTAMP'2019-04-05 18:18:09', NULL, TIMESTAMP'2019-04-05 18:18:09'),
       (57680, 'POWERTRAIN', 'Full Electric Vehicle (EV)', 'N', NULL, NULL, 'B2BINT/dsh1',
        TIMESTAMP'2019-05-29 18:44:05', 'B2BINT/dsh1', TIMESTAMP'2019-05-29 18:44:58'),
       (57754, 'SHEV_MIL', 'SHEV Warning', 'N', NULL, NULL, 'B2BINT/jzhu', TIMESTAMP'2024-04-16 16:46:36', NULL,
        TIMESTAMP'2024-04-16 16:46:36'),
       (57755, 'SHEV_CHARGE_MIL', 'SHEV Charge Warning', 'N', NULL, NULL, 'B2BINT/jzhu', TIMESTAMP'2024-04-16 16:46:36',
        NULL, TIMESTAMP'2024-04-16 16:46:36'),
       (57756, 'SHEV_HOT_MIL', 'SHEV System Hot Warning', 'N', NULL, NULL, 'B2BINT/jzhu',
        TIMESTAMP'2024-04-16 16:46:36', 'B2BINT/jzhu', TIMESTAMP'2024-04-22 15:26:26'),
       (57758, 'VOICE_ASSIST', 'Voice Assistance', 'N', NULL, NULL, 'B2BINT/jzhu', TIMESTAMP'2024-05-16 15:09:38', NULL,
        TIMESTAMP'2024-05-16 15:09:38'),
       (57759, 'CLOUD_NAVI', 'Hybrid Cloud Navigation', 'N', NULL, NULL, 'B2BINT/jzhu', TIMESTAMP'2024-05-16 15:09:38',
        NULL, TIMESTAMP'2024-05-16 15:09:38'),
       (57791, 'PKG_COMPANION', 'MySubaru Companion Subscription Plan', 'Y', NULL, NULL, 'SCAGLE/scagle',
        TIMESTAMP'2025-03-21 13:05:14', NULL, TIMESTAMP'2025-03-21 13:05:14'),
       (57792, 'PKG_COMPANION_PLUS', 'MySubaru Companion Plus Subscription Plan', 'Y', NULL, NULL, 'SCAGLE/scagle',
        TIMESTAMP'2025-03-21 13:05:14', NULL, TIMESTAMP'2025-03-21 13:05:14'),
       (57793, 'PKG_NAVIGATOR', 'MySubaru Navigator Subscription Plan', 'Y', NULL, NULL, 'SCAGLE/scagle',
        TIMESTAMP'2025-03-21 13:05:14', NULL, TIMESTAMP'2025-03-21 13:05:14'),
       (57794, 'PKG_NAVIGATOR_LIVE_TRAFFIC', 'MySubaru Navigator Live Traffic Subscription Plan', 'Y', NULL, NULL,
        'SCAGLE/scagle', TIMESTAMP'2025-03-21 13:05:15', NULL, TIMESTAMP'2025-03-21 13:05:15');


-- Necessary order of entities for the three vehicles added
INSERT INTO TELE_GLOBAL_MODEL_MST (GLOBAL_MODEL_ID, GLOBAL_MODEL_CODE, GLOBAL_OPTION_CODE, GLOBAL_SPEC_CODE,
                                   GLOBAL_EXTERIOR_COLOR, GLOBAL_INTERIOR_COLOR, CREATE_USER, CREATE_DATE, UPDATE_USER,
                                   UPDATE_DATE)
VALUES (1330, 'BR9CYLM', 'BI', 'U5', '1U', '20', 'X_FMW/oracle/SYSTEM/oracle', TIMESTAMP'2017-10-24 01:26:54', NULL,
        TIMESTAMP'2017-10-24 01:26:54'),
       (1648, 'BR9CYLM', 'BI', 'U5', '5U', '80', 'X_FMW/oracle/SYSTEM/oracle', TIMESTAMP'2017-10-24 01:26:54', NULL,
        TIMESTAMP'2017-10-24 01:26:54');
INSERT INTO TELE_LOCAL_COLOR_MST (LOCAL_COLOR_ID, MARKET_ID, LOCAL_EXT_COLOR_DESC, BASE_COLOR, EXTERIOR_COLOR_CODE,
                                  INTERIOR_COLOR_CODE, CREATE_USER, CREATE_DATE, UPDATE_USER, UPDATE_DATE,
                                  LOCAL_INT_COLOR_DESC, LOCAL_COLOR_KEY)
VALUES (5, 1, 'Ice Silver Metallic', 'Silver', 'ISM', 'BLC', 'DSH1/dsh1/SYSTEM/oracle', TIMESTAMP'2017-10-24 01:27:08',
        NULL, TIMESTAMP'2017-10-24 01:27:08', 'Black', '5'),
       (275, 1, 'Deep Indigo Pearl', 'Blue', 'DIP', 'TAU', 'X_FMW/oracle/SYSTEM/oracle', TIMESTAMP'2017-10-24 01:27:08',
        NULL, TIMESTAMP'2017-10-24 01:27:08', 'Ivory', '275');
INSERT INTO TELE_CARLINE_MST (CARLINE_ID, CARLINE, CARLINE_DESC, CREATE_USER, CREATE_DATE, UPDATE_USER, UPDATE_DATE)
VALUES (7, 'Forester', NULL, 'DSH1/dsh1/SYSTEM/oracle', TIMESTAMP'2017-10-23 23:07:32', 'X_FMW/oracle',
        TIMESTAMP'2025-02-13 08:03:27'),
       (10, 'Outback', NULL, 'DSH1/dsh1/SYSTEM/oracle', TIMESTAMP'2017-10-23 23:07:32', 'X_FMW/oracle',
        TIMESTAMP'2025-03-18 16:32:08');
INSERT INTO TELE_LOCAL_MODEL_MST (LOCAL_MODEL_ID, MARKET_ID, LOCAL_MODEL_KEY, MODEL_YEAR, MODEL_CODE, OPTION_CODE,
                                  MODEL_DESC, BODY_STYLE, TRANSMISSION, TURBO, DRIVE_TRAIN, ENGINE_SIZE, TRIM,
                                  MODEL_TRIM_DESC, CREATE_USER, CREATE_DATE, UPDATE_USER, UPDATE_DATE, CARLINE_ID,
                                  MOTIVE_POWER, DCM_GEN_ID, HEAD_UNIT_GEN_ID, MODEL_YEAR_DESC)
VALUES (11, 1, 'JDD|15|2018.0', '2018.0', 'JDD', '15', '2018 Outback 2.5i Limited', 'Wagon', 'CVT', 'N', 'AWD', '2.5',
        '2.5i Premium', '2.5i Premium', 'DSH1/dsh1/SYSTEM/oracle', TIMESTAMP'2017-10-24 01:27:05', 'X_FMW/oracle',
        TIMESTAMP'2022-10-14 22:07:33', 10, 'G', 3, 4, '2018'),
       (2027, 1, 'CDC-02-2012.0', '2012.0', 'CDC', '02', '2012 Outback 2.5i Premium', 'Wagon', '6MT', 'N', 'AWD', '2.5',
        '2.5i Premium', '2.5i Premium', 'X_FMW/oracle/SYSTEM/oracle', TIMESTAMP'2017-10-24 01:27:05', 'X_FMW/oracle',
        TIMESTAMP'2022-10-14 18:42:36', 10, 'G', 5, 3, '2012'),
       (2053, 1, 'CAD-02-2022.0', '2022.0', 'CDF', '08', '2012 Outback 2.5i Limited', 'Wagon', 'CVT', 'N', 'AWD', '2.5',
        '2.5i Limited', '2.5i Limited', 'X_FMW/oracle/SYSTEM/oracle', TIMESTAMP'2017-10-24 01:27:05', 'B2BINT/jzhu',
        TIMESTAMP'2021-02-22 17:16:28', 10, 'G', 1, 2, '2022'),
       (2351, 1, 'CFE-02-2012.0', '2012.0', 'CFE', '02', '2012 Forester 2.5X Premium', 'SUV', '5MT', 'N', 'AWD', '2.5',
        '2.5X Premium', '2.5X Premium', 'X_FMW/oracle/SYSTEM/oracle', TIMESTAMP'2017-10-24 01:27:05', 'X_FMW/oracle',
        TIMESTAMP'2022-10-14 18:43:25', 7, 'G', 5, 3, '2012'),
       (2373, 1, 'CFN-01-2012.0', '2012.0', 'CFN', '01', '2012 Forester 2.5XT Touring', 'SUV', '4AT', 'Y', 'AWD', '2.5',
        '2.5XT Touring', '2.5XT Touring', 'X_FMW/oracle/SYSTEM/oracle', TIMESTAMP'2017-10-24 01:27:05', 'X_FMW/oracle',
        TIMESTAMP'2022-10-14 18:41:38', 7, 'G', 5, 3, '2012');
INSERT INTO TELE_LOCAL_MODEL_SPEC_MST (LOCAL_SPEC_ID, MARKET_ID, SPEC_CODE, SPEC_CERTIFICATION_VERBIAGE, CREATE_USER,
                                       CREATE_DATE, UPDATE_USER, UPDATE_DATE)
VALUES (1, 1, 'C', '50 State Certified', 'DSH1/dsh1/SYSTEM/oracle', TIMESTAMP'2017-10-23 23:07:33', 'X_FMW/oracle',
        TIMESTAMP'2025-04-28 09:40:17');

INSERT INTO TELE_VIN_MASTER (VIN, MARKET_ID, GLOBAL_MODEL_ID, LOCAL_COLOR_ID, LOCAL_SPEC_ID, ENGINE_NUMBER, KEY_NUMBER,
                             CASE_NUMBER, PRODUCTION_DATE, VEHICLE_SOURCE, IMMOBILIZER_KEY, LOCAL_MODEL_ID,
                             TELEMATICS_FLAG, VEHICLE_ID, CREATE_USER, CREATE_DATE, UPDATE_USER, UPDATE_DATE, ISP_ID,
                             DISTRIBUTOR_CODE)
VALUES ('4S4BRBCC4C1225127', 1, 1330, 5, 1, '863311', NULL, NULL, TIMESTAMP'2011-11-05 00:00:00', 'SIA', NULL, 2027,
        'Y', '4ea14d4a-ec7f-c7f5-83e0-35a861f0a1ed', 'DSH1/dsh1/SYSTEM/oracle', TIMESTAMP'2017-10-24 01:22:50',
        'CRMINT/vxfahgdel', TIMESTAMP'2018-10-03 14:06:04', NULL, NULL),
       ('4S4BRBCC5C1224360', 1, 1330, 5, 1, '862508', NULL, NULL, TIMESTAMP'2011-11-04 00:00:00', 'SIA', NULL, 2027,
        'Y', '4ea14d4a-ec80-c805-83e0-35a861f0a1ed', 'DSH1/dsh1/SYSTEM/oracle', TIMESTAMP'2017-10-24 01:22:50', NULL,
        TIMESTAMP'2017-10-24 01:22:50', NULL, NULL),
       ('4S4BRBCCXC1226072', 1, 1648, 275, 1, '864681', NULL, NULL, TIMESTAMP'2011-11-08 00:00:00', 'SIA', NULL, 2027,
        'Y', '4ea14d4a-ec81-c815-83e0-35a861f0a1ed', 'DSH1/dsh1/SYSTEM/oracle', TIMESTAMP'2017-10-24 01:22:50', NULL,
        TIMESTAMP'2017-10-24 01:22:50', NULL, NULL);
-- End necessary entities for the three vehicles added

INSERT INTO TELE_CARLINE_MST (CARLINE_ID, CARLINE, CARLINE_DESC, CREATE_USER, CREATE_DATE, UPDATE_USER, UPDATE_DATE)
VALUES (6, 'Crosstrek', NULL, 'DSH1/dsh1/SYSTEM/oracle', TIMESTAMP'2017-10-23 23:07:32', 'X_FMW/oracle',
        TIMESTAMP'2025-04-28 09:40:17');
INSERT INTO TELE_LOCAL_MODEL_MST (LOCAL_MODEL_ID, MARKET_ID, LOCAL_MODEL_KEY, MODEL_YEAR, MODEL_CODE, OPTION_CODE,
                                  MODEL_DESC, BODY_STYLE, TRANSMISSION, TURBO, DRIVE_TRAIN, ENGINE_SIZE, TRIM,
                                  MODEL_TRIM_DESC, CREATE_USER, CREATE_DATE, UPDATE_USER, UPDATE_DATE, CARLINE_ID,
                                  MOTIVE_POWER, DCM_GEN_ID, HEAD_UNIT_GEN_ID, MODEL_YEAR_DESC)
VALUES (576182, 1, 'RRF-31-2024.0', '2024.0', 'RRF', '31', '2024 Crosstrek Limited', '5 Door', 'CVT', 'N', 'AWD', '2.5',
        'Limited', 'Limited', 'X_FMW/oracle', TIMESTAMP'2024-02-29 08:19:15', 'X_FMW/oracle',
        TIMESTAMP'2024-03-22 19:28:40', 6, 'G', 57531, 4, '2024');

-- All features linked to model with model key 'RRF-31-2024.0'
INSERT INTO TELE_MODEL_FEATURES (FEATURE_ID, MODEL_ID, CREATE_USER, CREATE_DATE, UPDATE_USER, UPDATE_DATE,
                                 EFFECTIVE_START_DATE, EFFECTIVE_END_DATE)
VALUES (57739, 576182, 'X_FMW/oracle', TIMESTAMP'2024-03-01 08:21:49', NULL, TIMESTAMP'2024-03-01 08:21:49',
        TIMESTAMP'2024-03-01 07:56:13', NULL),
       (57752, 576182, 'X_FMW/oracle', TIMESTAMP'2024-03-01 08:21:49', NULL, TIMESTAMP'2024-03-01 08:21:49',
        TIMESTAMP'2024-03-01 07:56:13', NULL),
       (57741, 576182, 'X_FMW/oracle', TIMESTAMP'2024-03-01 08:21:49', NULL, TIMESTAMP'2024-03-01 08:21:49',
        TIMESTAMP'2024-03-01 07:56:13', NULL),
       (57743, 576182, 'X_FMW/oracle', TIMESTAMP'2024-03-01 08:21:49', NULL, TIMESTAMP'2024-03-01 08:21:49',
        TIMESTAMP'2024-03-01 07:56:13', NULL),
       (57742, 576182, 'X_FMW/oracle', TIMESTAMP'2024-03-01 08:21:49', NULL, TIMESTAMP'2024-03-01 08:21:49',
        TIMESTAMP'2024-03-01 07:56:13', NULL),
       (57744, 576182, 'X_FMW/oracle', TIMESTAMP'2024-03-01 08:21:49', NULL, TIMESTAMP'2024-03-01 08:21:49',
        TIMESTAMP'2024-03-01 07:56:13', NULL),
       (57753, 576182, 'X_FMW/oracle', TIMESTAMP'2024-03-01 08:21:49', NULL, TIMESTAMP'2024-03-01 08:21:49',
        TIMESTAMP'2024-03-01 07:56:13', NULL),
       (57745, 576182, 'X_FMW/oracle', TIMESTAMP'2024-03-01 08:21:49', NULL, TIMESTAMP'2024-03-01 08:21:49',
        TIMESTAMP'2024-03-01 07:56:13', NULL),
       (57740, 576182, 'X_FMW/oracle', TIMESTAMP'2024-03-01 08:21:49', NULL, TIMESTAMP'2024-03-01 08:21:49',
        TIMESTAMP'2024-03-01 07:56:13', NULL),
       (57746, 576182, 'X_FMW/oracle', TIMESTAMP'2024-03-01 08:21:49', NULL, TIMESTAMP'2024-03-01 08:21:49',
        TIMESTAMP'2024-03-01 07:56:13', NULL),
       (57523, 576182, 'X_FMW/oracle', TIMESTAMP'2024-03-01 08:21:49', NULL, TIMESTAMP'2024-03-01 08:21:49',
        TIMESTAMP'2023-03-09 08:18:51', NULL),
       (57535, 576182, 'X_FMW/oracle', TIMESTAMP'2024-03-01 08:21:49', NULL, TIMESTAMP'2024-03-01 08:21:49',
        TIMESTAMP'2023-03-02 08:25:24', NULL),
       (57655, 576182, 'X_FMW/oracle', TIMESTAMP'2024-03-01 08:21:49', NULL, TIMESTAMP'2024-03-01 08:21:49',
        TIMESTAMP'2023-03-02 08:25:24', NULL),
       (57531, 576182, 'X_FMW/oracle', TIMESTAMP'2024-03-01 08:21:49', NULL, TIMESTAMP'2024-03-01 08:21:49',
        TIMESTAMP'2024-03-01 07:56:13', NULL),
       (57657, 576182, 'X_FMW/oracle', TIMESTAMP'2024-03-01 08:21:49', NULL, TIMESTAMP'2024-03-01 08:21:49',
        TIMESTAMP'2023-03-02 08:25:24', NULL),
       (57529, 576182, 'X_FMW/oracle', TIMESTAMP'2024-03-01 08:21:49', NULL, TIMESTAMP'2024-03-01 08:21:49',
        TIMESTAMP'2024-03-01 07:56:13', NULL),
       (57533, 576182, 'X_FMW/oracle', TIMESTAMP'2024-03-01 08:21:49', NULL, TIMESTAMP'2024-03-01 08:21:49',
        TIMESTAMP'2023-03-02 08:25:24', NULL),
       (57537, 576182, 'X_FMW/oracle', TIMESTAMP'2024-03-01 08:21:49', NULL, TIMESTAMP'2024-03-01 08:21:49',
        TIMESTAMP'2023-03-02 08:25:24', NULL),
       (57527, 576182, 'X_FMW/oracle', TIMESTAMP'2024-03-01 08:21:49', NULL, TIMESTAMP'2024-03-01 08:21:49',
        TIMESTAMP'2023-03-09 08:18:51', NULL),
       (57525, 576182, 'X_FMW/oracle', TIMESTAMP'2024-03-01 08:21:49', NULL, TIMESTAMP'2024-03-01 08:21:49',
        TIMESTAMP'2023-03-09 08:18:51', NULL),
       (57563, 576182, 'X_FMW/oracle', TIMESTAMP'2024-03-01 08:21:49', NULL, TIMESTAMP'2024-03-01 08:21:49',
        TIMESTAMP'2024-03-01 07:56:13', NULL),
       (57567, 576182, 'X_FMW/oracle', TIMESTAMP'2024-03-01 08:21:49', NULL, TIMESTAMP'2024-03-01 08:21:49',
        TIMESTAMP'2023-03-02 08:25:24', NULL),
       (57573, 576182, 'X_FMW/oracle', TIMESTAMP'2024-03-01 08:21:49', NULL, TIMESTAMP'2024-03-01 08:21:49',
        TIMESTAMP'2023-03-02 08:25:24', NULL),
       (57575, 576182, 'X_FMW/oracle', TIMESTAMP'2024-03-01 08:21:49', NULL, TIMESTAMP'2024-03-01 08:21:49',
        TIMESTAMP'2023-03-02 08:25:24', NULL),
       (57577, 576182, 'X_FMW/oracle', TIMESTAMP'2024-03-01 08:21:49', NULL, TIMESTAMP'2024-03-01 08:21:49',
        TIMESTAMP'2023-03-02 08:25:24', NULL),
       (57581, 576182, 'X_FMW/oracle', TIMESTAMP'2024-03-01 08:21:49', NULL, TIMESTAMP'2024-03-01 08:21:49',
        TIMESTAMP'2023-03-02 08:25:24', NULL),
       (57579, 576182, 'X_FMW/oracle', TIMESTAMP'2024-03-01 08:21:49', NULL, TIMESTAMP'2024-03-01 08:21:49',
        TIMESTAMP'2023-03-02 08:25:24', NULL),
       (57583, 576182, 'X_FMW/oracle', TIMESTAMP'2024-03-01 08:21:49', NULL, TIMESTAMP'2024-03-01 08:21:49',
        TIMESTAMP'2023-03-02 08:25:24', NULL),
       (57607, 576182, 'X_FMW/oracle', TIMESTAMP'2024-03-01 08:21:49', NULL, TIMESTAMP'2024-03-01 08:21:49',
        TIMESTAMP'2023-03-02 08:25:24', NULL),
       (57587, 576182, 'X_FMW/oracle', TIMESTAMP'2024-03-01 08:21:49', NULL, TIMESTAMP'2024-03-01 08:21:49',
        TIMESTAMP'2024-03-01 07:56:13', NULL),
       (57589, 576182, 'X_FMW/oracle', TIMESTAMP'2024-03-01 08:21:49', NULL, TIMESTAMP'2024-03-01 08:21:49',
        TIMESTAMP'2023-03-02 08:25:24', NULL),
       (57591, 576182, 'X_FMW/oracle', TIMESTAMP'2024-03-01 08:21:49', NULL, TIMESTAMP'2024-03-01 08:21:49',
        TIMESTAMP'2023-03-02 08:25:24', NULL),
       (57595, 576182, 'X_FMW/oracle', TIMESTAMP'2024-03-01 08:21:49', NULL, TIMESTAMP'2024-03-01 08:21:49',
        TIMESTAMP'2024-03-01 07:56:13', NULL),
       (57593, 576182, 'X_FMW/oracle', TIMESTAMP'2024-03-01 08:21:49', NULL, TIMESTAMP'2024-03-01 08:21:49',
        TIMESTAMP'2024-03-01 07:56:13', NULL),
       (57597, 576182, 'X_FMW/oracle', TIMESTAMP'2024-03-01 08:21:49', NULL, TIMESTAMP'2024-03-01 08:21:49',
        TIMESTAMP'2023-03-02 08:25:24', NULL),
       (57599, 576182, 'X_FMW/oracle', TIMESTAMP'2024-03-01 08:21:49', NULL, TIMESTAMP'2024-03-01 08:21:49',
        TIMESTAMP'2023-03-02 08:25:24', NULL),
       (57601, 576182, 'X_FMW/oracle', TIMESTAMP'2024-03-01 08:21:49', NULL, TIMESTAMP'2024-03-01 08:21:49',
        TIMESTAMP'2023-03-02 08:25:24', NULL),
       (57603, 576182, 'X_FMW/oracle', TIMESTAMP'2024-03-01 08:21:49', NULL, TIMESTAMP'2024-03-01 08:21:49',
        TIMESTAMP'2023-03-02 08:25:24', NULL),
       (57605, 576182, 'X_FMW/oracle', TIMESTAMP'2024-03-01 08:21:49', NULL, TIMESTAMP'2024-03-01 08:21:49',
        TIMESTAMP'2023-03-02 08:25:24', NULL),
       (57571, 576182, 'X_FMW/oracle', TIMESTAMP'2024-03-01 08:21:49', NULL, TIMESTAMP'2024-03-01 08:21:49',
        TIMESTAMP'2023-03-02 08:25:24', NULL),
       (57569, 576182, 'X_FMW/oracle', TIMESTAMP'2024-03-01 08:21:49', NULL, TIMESTAMP'2024-03-01 08:21:49',
        TIMESTAMP'2023-03-02 08:25:24', NULL),
       (57585, 576182, 'X_FMW/oracle', TIMESTAMP'2024-03-01 08:21:49', NULL, TIMESTAMP'2024-03-01 08:21:49',
        TIMESTAMP'2023-03-02 08:25:24', NULL),
       (57749, 576182, 'X_FMW/oracle', TIMESTAMP'2024-03-01 08:21:49', NULL, TIMESTAMP'2024-03-01 08:21:49',
        TIMESTAMP'2024-03-01 07:56:13', NULL),
       (57699, 576182, 'X_FMW/oracle', TIMESTAMP'2024-03-01 08:21:49', NULL, TIMESTAMP'2024-03-01 08:21:49',
        TIMESTAMP'2023-03-02 08:25:24', NULL),
       (57697, 576182, 'X_FMW/oracle', TIMESTAMP'2024-03-01 08:21:49', NULL, TIMESTAMP'2024-03-01 08:21:49',
        TIMESTAMP'2023-03-09 08:18:51', NULL),
       (57617, 576182, 'X_FMW/oracle', TIMESTAMP'2024-03-01 08:21:49', NULL, TIMESTAMP'2024-03-01 08:21:49',
        TIMESTAMP'2023-03-02 08:25:24', NULL),
       (57677, 576182, 'X_FMW/oracle', TIMESTAMP'2024-03-01 08:21:49', NULL, TIMESTAMP'2024-03-01 08:21:49',
        TIMESTAMP'2024-03-01 07:56:13', NULL),
       (57735, 576182, 'X_FMW/oracle', TIMESTAMP'2024-03-01 08:21:49', NULL, TIMESTAMP'2024-03-01 08:21:49',
        TIMESTAMP'2023-03-09 08:18:51', NULL),
       (57723, 576182, 'X_FMW/oracle', TIMESTAMP'2024-03-01 08:21:49', NULL, TIMESTAMP'2024-03-01 08:21:49',
        TIMESTAMP'2023-03-02 08:25:24', TIMESTAMP'2024-03-01 07:56:13'),
       (57717, 576182, 'X_FMW/oracle', TIMESTAMP'2024-03-01 08:21:49', NULL, TIMESTAMP'2024-03-01 08:21:49',
        TIMESTAMP'2024-03-01 07:56:13', NULL),
       (57727, 576182, 'X_FMW/oracle', TIMESTAMP'2024-03-01 08:21:49', NULL, TIMESTAMP'2024-03-01 08:21:49',
        TIMESTAMP'2024-03-01 07:56:13', NULL),
       (57619, 576182, 'X_FMW/oracle', TIMESTAMP'2024-03-01 08:21:49', NULL, TIMESTAMP'2024-03-01 08:21:49',
        TIMESTAMP'2024-03-01 07:56:13', NULL),
       (57679, 576182, 'X_FMW/oracle', TIMESTAMP'2024-03-01 08:21:49', NULL, TIMESTAMP'2024-03-01 08:21:49',
        TIMESTAMP'2024-03-01 07:56:13', NULL),
       (57748, 576182, 'X_FMW/oracle', TIMESTAMP'2024-03-01 08:21:49', NULL, TIMESTAMP'2024-03-01 08:21:49',
        TIMESTAMP'2024-03-01 07:56:13', NULL),
       (57750, 576182, 'X_FMW/oracle', TIMESTAMP'2024-03-01 08:21:49', NULL, TIMESTAMP'2024-03-01 08:21:49',
        TIMESTAMP'2024-03-01 07:56:13', NULL),
       (57691, 576182, 'X_FMW/oracle', TIMESTAMP'2024-03-01 08:21:49', NULL, TIMESTAMP'2024-03-01 08:21:49',
        TIMESTAMP'2024-03-01 07:56:13', NULL),
       (57685, 576182, 'X_FMW/oracle', TIMESTAMP'2024-03-01 08:21:49', NULL, TIMESTAMP'2024-03-01 08:21:49',
        TIMESTAMP'2024-03-01 07:56:13', NULL),
       (57683, 576182, 'X_FMW/oracle', TIMESTAMP'2024-03-01 08:21:49', NULL, TIMESTAMP'2024-03-01 08:21:49',
        TIMESTAMP'2024-03-01 07:56:13', NULL),
       (57687, 576182, 'X_FMW/oracle', TIMESTAMP'2024-03-01 08:21:49', NULL, TIMESTAMP'2024-03-01 08:21:49',
        TIMESTAMP'2023-03-09 08:18:51', NULL),
       (57693, 576182, 'X_FMW/oracle', TIMESTAMP'2024-03-01 08:21:49', NULL, TIMESTAMP'2024-03-01 08:21:49',
        TIMESTAMP'2024-03-01 07:56:13', NULL),
       (57695, 576182, 'X_FMW/oracle', TIMESTAMP'2024-03-01 08:21:49', NULL, TIMESTAMP'2024-03-01 08:21:49',
        TIMESTAMP'2023-03-09 08:18:51', NULL),
       (57689, 576182, 'X_FMW/oracle', TIMESTAMP'2024-03-01 08:21:49', NULL, TIMESTAMP'2024-03-01 08:21:49',
        TIMESTAMP'2023-03-09 08:18:51', NULL),
       (57615, 576182, 'X_FMW/oracle', TIMESTAMP'2024-03-01 08:21:49', NULL, TIMESTAMP'2024-03-01 08:21:49',
        TIMESTAMP'2023-03-02 08:25:24', NULL),
       (57613, 576182, 'X_FMW/oracle', TIMESTAMP'2024-03-01 08:21:49', NULL, TIMESTAMP'2024-03-01 08:21:49',
        TIMESTAMP'2024-03-01 07:56:13', NULL),
       (57731, 576182, 'X_FMW/oracle', TIMESTAMP'2024-03-01 08:21:49', NULL, TIMESTAMP'2024-03-01 08:21:49',
        TIMESTAMP'2024-03-01 07:56:13', NULL),
       (57737, 576182, 'X_FMW/oracle', TIMESTAMP'2024-03-01 08:21:49', NULL, TIMESTAMP'2024-03-01 08:21:49',
        TIMESTAMP'2024-03-01 07:56:13', NULL),
       (57736, 576182, 'X_FMW/oracle', TIMESTAMP'2024-03-01 08:21:49', NULL, TIMESTAMP'2024-03-01 08:21:49',
        TIMESTAMP'2024-03-01 07:56:13', NULL),
       (57715, 576182, 'X_FMW/oracle', TIMESTAMP'2024-03-01 08:21:49', NULL, TIMESTAMP'2024-03-01 08:21:49',
        TIMESTAMP'2023-03-02 08:25:24', NULL),
       (57725, 576182, 'X_FMW/oracle', TIMESTAMP'2024-03-01 08:21:49', NULL, TIMESTAMP'2024-03-01 08:21:49',
        TIMESTAMP'2024-03-01 07:56:13', NULL),
       (57733, 576182, 'X_FMW/oracle', TIMESTAMP'2024-03-01 08:21:49', NULL, TIMESTAMP'2024-03-01 08:21:49',
        TIMESTAMP'2024-03-01 07:56:13', NULL),
       (57751, 576182, 'X_FMW/oracle', TIMESTAMP'2024-03-01 08:21:49', NULL, TIMESTAMP'2024-03-01 08:21:49',
        TIMESTAMP'2024-03-01 07:56:13', NULL),
       (57531, 2373, 'X_FMW/oracle', TIMESTAMP '2017-11-02 18:36:20.000000', 'X_FMW/oracle',
        TIMESTAMP '2018-07-06 22:41:17.000000', TIMESTAMP '2017-08-25 18:35:32.000000',
        TIMESTAMP '2018-06-20 23:55:36.000000'),
       (57533, 2373, 'X_FMW/oracle', TIMESTAMP '2017-11-02 18:36:20.000000', 'X_FMW/oracle',
        TIMESTAMP '2018-07-06 22:41:17.000000', TIMESTAMP '2017-08-25 18:35:32.000000', NULL),
       (57523, 2373, 'X_FMW/oracle', TIMESTAMP '2017-11-02 18:36:20.000000', 'X_FMW/oracle',
        TIMESTAMP '2018-07-06 22:41:17.000000', TIMESTAMP '2017-08-25 18:35:32.000000', NULL),
       (57527, 2373, 'X_FMW/oracle', TIMESTAMP '2017-11-02 18:36:20.000000', 'X_FMW/oracle',
        TIMESTAMP '2018-07-06 22:41:17.000000', TIMESTAMP '2017-08-25 18:35:32.000000', NULL),
       (57535, 2373, 'X_FMW/oracle', TIMESTAMP '2017-11-02 18:36:20.000000', 'X_FMW/oracle',
        TIMESTAMP '2018-07-06 22:41:17.000000', TIMESTAMP '2017-08-25 18:35:32.000000', NULL),
       (57525, 2373, 'X_FMW/oracle', TIMESTAMP '2017-11-02 18:36:20.000000', 'X_FMW/oracle',
        TIMESTAMP '2018-07-06 22:41:17.000000', TIMESTAMP '2017-08-25 18:35:32.000000', NULL),
       (57531, 11, 'X_FMW/oracle', TIMESTAMP '2017-11-21 15:06:43.000000', 'X_FMW/oracle',
        TIMESTAMP '2018-07-06 22:41:17.000000', TIMESTAMP '2017-11-21 15:05:30.000000',
        TIMESTAMP '2018-06-20 23:55:36.000000'),
       (57523, 11, 'X_FMW/oracle', TIMESTAMP '2017-11-21 15:06:43.000000', 'X_FMW/oracle',
        TIMESTAMP '2018-07-06 22:41:17.000000', TIMESTAMP '2017-11-21 15:05:30.000000', NULL),
       (57531, 2053, 'X_FMW/oracle/SYSTEM/oracle', TIMESTAMP '2017-10-24 01:27:23.000000', 'X_FMW/oracle',
        TIMESTAMP '2025-02-07 06:59:33.000000', TIMESTAMP '2014-08-14 07:25:36.000000', NULL),
       (57533, 2053, 'X_FMW/oracle/SYSTEM/oracle', TIMESTAMP '2017-10-24 01:27:23.000000', 'X_FMW/oracle',
        TIMESTAMP '2018-07-06 22:41:15.000000', TIMESTAMP '2017-08-14 19:25:36.000000', NULL),
       (57523, 2053, 'X_FMW/oracle/SYSTEM/oracle', TIMESTAMP '2017-10-24 01:27:23.000000', 'X_FMW/oracle',
        TIMESTAMP '2024-10-16 06:43:44.000000', TIMESTAMP '2017-08-17 07:25:36.000000', NULL),
       (57527, 2053, 'X_FMW/oracle/SYSTEM/oracle', TIMESTAMP '2017-10-24 01:27:23.000000', 'X_FMW/oracle',
        TIMESTAMP '2018-07-06 22:41:15.000000', TIMESTAMP '2017-08-14 19:25:36.000000', NULL),
       (57535, 2053, 'X_FMW/oracle/SYSTEM/oracle', TIMESTAMP '2017-10-24 01:27:23.000000', 'X_FMW/oracle',
        TIMESTAMP '2018-07-06 22:41:15.000000', TIMESTAMP '2017-08-14 19:25:36.000000', NULL),
       (57525, 2053, 'X_FMW/oracle/SYSTEM/oracle', TIMESTAMP '2017-10-24 01:27:23.000000', 'X_FMW/oracle',
        TIMESTAMP '2022-06-30 07:06:22.000000', TIMESTAMP '2017-08-17 07:25:36.000000',
        TIMESTAMP '2022-06-29 04:35:17.000000'),
       (57537, 2351, 'X_FMW/oracle/SYSTEM/oracle', TIMESTAMP '2017-10-24 01:27:23.000000', 'X_FMW/oracle',
        TIMESTAMP '2018-07-06 22:41:16.000000', TIMESTAMP '2017-08-14 19:25:36.000000', NULL),
       (57531, 2351, 'X_FMW/oracle/SYSTEM/oracle', TIMESTAMP '2017-10-24 01:27:23.000000', 'X_FMW/oracle',
        TIMESTAMP '2018-07-06 22:41:16.000000', TIMESTAMP '2017-08-14 19:25:36.000000', NULL),
       (57533, 2351, 'X_FMW/oracle/SYSTEM/oracle', TIMESTAMP '2017-10-24 01:27:23.000000', 'X_FMW/oracle',
        TIMESTAMP '2018-07-06 22:41:16.000000', TIMESTAMP '2017-08-14 19:25:36.000000', NULL),
       (57523, 2351, 'X_FMW/oracle/SYSTEM/oracle', TIMESTAMP '2017-10-24 01:27:23.000000', 'X_FMW/oracle',
        TIMESTAMP '2018-07-06 22:41:16.000000', TIMESTAMP '2017-08-14 19:25:36.000000', NULL),
       (57535, 2351, 'X_FMW/oracle/SYSTEM/oracle', TIMESTAMP '2017-10-24 01:27:23.000000', 'X_FMW/oracle',
        TIMESTAMP '2018-07-06 22:41:16.000000', TIMESTAMP '2017-08-14 19:25:36.000000', NULL),
       (57525, 2351, 'X_FMW/oracle/SYSTEM/oracle', TIMESTAMP '2017-10-24 01:27:23.000000', 'X_FMW/oracle',
        TIMESTAMP '2018-07-06 22:41:16.000000', TIMESTAMP '2017-08-14 19:25:36.000000', NULL);

INSERT INTO TELE_COUNTRY (COUNTRY_CODE, COUNTRY_NAME, CREATE_USER, CREATE_DATE, UPDATE_USER, UPDATE_DATE)
VALUES ('USA', 'United States of America', 'DSH1/dsh1/SYSTEM/oracle', TIMESTAMP'2017-10-24 01:27:21', NULL,
        TIMESTAMP'2017-10-24 01:27:21'),
       ('CAN', 'Canada', 'DSH1/dsh1/SYSTEM/oracle', TIMESTAMP'2017-10-24 01:27:21', NULL,
        TIMESTAMP'2017-10-24 01:27:21'),
       ('JPN', 'Japan', 'B2BINT/jzhu', TIMESTAMP'2018-02-12 17:26:54', NULL, TIMESTAMP'2018-02-12 17:26:54'),
       ('GUM', 'Guam', 'B2BINT/jzhu', TIMESTAMP'2020-04-13 14:29:23', NULL, TIMESTAMP'2020-04-13 14:29:23'),
       ('PRI', 'Puerto Rico', 'B2BINT/jzhu', TIMESTAMP'2020-04-13 14:29:43', NULL, TIMESTAMP'2020-04-13 14:29:43'),
       ('HAW', 'Hawaii', 'B2BINT/jzhu', TIMESTAMP'2020-04-13 14:30:07', NULL, TIMESTAMP'2020-04-13 14:30:07');
